﻿<?xml version="1.0" encoding="utf-8"?>
<TextureAtlas imagePath="ratingsPopin.png">
	<SubTexture name="Categories0000" x="693" y="963" width="448" height="36" frameX="0" frameY="-32" frameWidth="511" frameHeight="418" />
	<SubTexture name="Categories0001" x="0" y="817" width="304" height="83" frameX="-204" frameY="0" frameWidth="511" frameHeight="418" />
	<SubTexture name="Categories0002" x="693" y="830" width="448" height="128" frameX="-60" frameY="0" frameWidth="511" frameHeight="418" />
	<SubTexture name="Categories0003" x="704" y="647" width="368" height="178" frameX="-143" frameY="-7" frameWidth="511" frameHeight="418" />
	<SubTexture name="Categories0004" x="746" y="410" width="379" height="232" frameX="-132" frameY="-7" frameWidth="511" frameHeight="418" />
	<SubTexture name="Categories0005" x="333" y="767" width="355" height="287" frameX="-154" frameY="-7" frameWidth="511" frameHeight="418" />
	<SubTexture name="Categories0006" x="333" y="416" width="366" height="346" frameX="-143" frameY="-7" frameWidth="511" frameHeight="418" />
	<SubTexture name="Categories0007" x="0" y="0" width="408" height="396" frameX="-100" frameY="-7" frameWidth="511" frameHeight="418" />
	<SubTexture name="Categories0008" x="0" y="401" width="328" height="411" frameX="-180" frameY="-7" frameWidth="511" frameHeight="418" />
	<SubTexture name="Categories0009" x="413" y="0" width="328" height="411" frameX="-180" frameY="-7" frameWidth="511" frameHeight="418" />
	<SubTexture name="Categories0010" x="746" y="0" width="328" height="405" frameX="-180" frameY="-7" frameWidth="511" frameHeight="418" />
	<SubTexture name="Categories0011" x="746" y="0" width="328" height="405" frameX="-180" frameY="-7" frameWidth="511" frameHeight="418" />
	<SubTexture name="Categories0012" x="746" y="0" width="328" height="405" frameX="-180" frameY="-7" frameWidth="511" frameHeight="418" />
	<SubTexture name="Categories0013" x="746" y="0" width="328" height="405" frameX="-180" frameY="-7" frameWidth="511" frameHeight="418" />
	<SubTexture name="Categories0014" x="746" y="0" width="328" height="405" frameX="-180" frameY="-7" frameWidth="511" frameHeight="418" />
	<SubTexture name="Categories0015" x="746" y="0" width="328" height="405" frameX="-180" frameY="-7" frameWidth="511" frameHeight="418" />
	<SubTexture name="Categories0016" x="746" y="0" width="328" height="405" frameX="-180" frameY="-7" frameWidth="511" frameHeight="418" />
	<SubTexture name="Categories0017" x="746" y="0" width="328" height="405" frameX="-180" frameY="-7" frameWidth="511" frameHeight="418" />
	<SubTexture name="Categories0018" x="746" y="0" width="328" height="405" frameX="-180" frameY="-7" frameWidth="511" frameHeight="418" />
	<SubTexture name="Categories0019" x="746" y="0" width="328" height="405" frameX="-180" frameY="-7" frameWidth="511" frameHeight="418" />
	<SubTexture name="Categories0020" x="746" y="0" width="328" height="405" frameX="-180" frameY="-7" frameWidth="511" frameHeight="418" />
	<SubTexture name="Categories0021" x="746" y="0" width="328" height="405" frameX="-180" frameY="-7" frameWidth="511" frameHeight="418" />
	<SubTexture name="Categories0022" x="746" y="0" width="328" height="405" frameX="-180" frameY="-7" frameWidth="511" frameHeight="418" />
	<SubTexture name="Categories0023" x="746" y="0" width="328" height="405" frameX="-180" frameY="-7" frameWidth="511" frameHeight="418" />
	<SubTexture name="Categories0024" x="746" y="0" width="328" height="405" frameX="-180" frameY="-7" frameWidth="511" frameHeight="418" />
	<SubTexture name="Categories0025" x="746" y="0" width="328" height="405" frameX="-180" frameY="-7" frameWidth="511" frameHeight="418" />
	<SubTexture name="Categories0026" x="746" y="0" width="328" height="405" frameX="-180" frameY="-7" frameWidth="511" frameHeight="418" />
	<SubTexture name="Categories0027" x="746" y="0" width="328" height="405" frameX="-180" frameY="-7" frameWidth="511" frameHeight="418" />
	<SubTexture name="Categories0028" x="746" y="0" width="328" height="405" frameX="-180" frameY="-7" frameWidth="511" frameHeight="418" />
	<SubTexture name="Categories0029" x="746" y="0" width="328" height="405" frameX="-180" frameY="-7" frameWidth="511" frameHeight="418" />
	<SubTexture name="Categories0030" x="746" y="0" width="328" height="405" frameX="-180" frameY="-7" frameWidth="511" frameHeight="418" />
	<SubTexture name="Categories0031" x="746" y="0" width="328" height="405" frameX="-180" frameY="-7" frameWidth="511" frameHeight="418" />
	<SubTexture name="Categories0032" x="746" y="0" width="328" height="405" frameX="-180" frameY="-7" frameWidth="511" frameHeight="418" />
	<SubTexture name="Categories0033" x="746" y="0" width="328" height="405" frameX="-180" frameY="-7" frameWidth="511" frameHeight="418" />
</TextureAtlas>
