﻿<?xml version="1.0" encoding="utf-8"?>
<TextureAtlas imagePath="scorePopin.png">
	<SubTexture name="tally score0000" x="412" y="824" width="420" height="50" frameX="0" frameY="-47" frameWidth="712" frameHeight="145" />
	<SubTexture name="tally score0001" x="0" y="727" width="407" height="108" frameX="-157" frameY="-18" frameWidth="712" frameHeight="145" />
	<SubTexture name="tally score0002" x="0" y="614" width="415" height="108" frameX="-153" frameY="-18" frameWidth="712" frameHeight="145" />
	<SubTexture name="tally score0003" x="892" y="791" width="425" height="82" frameX="-148" frameY="-31" frameWidth="712" frameHeight="145" />
	<SubTexture name="tally score0004" x="892" y="704" width="435" height="82" frameX="-143" frameY="-31" frameWidth="712" frameHeight="145" />
	<SubTexture name="tally score0005" x="886" y="614" width="447" height="85" frameX="-137" frameY="-30" frameWidth="712" frameHeight="145" />
	<SubTexture name="tally score0006" x="420" y="614" width="461" height="88" frameX="-130" frameY="-28" frameWidth="712" frameHeight="145" />
	<SubTexture name="tally score0007" x="412" y="727" width="475" height="92" frameX="-123" frameY="-26" frameWidth="712" frameHeight="145" />
	<SubTexture name="tally score0008" x="0" y="513" width="491" height="96" frameX="-115" frameY="-24" frameWidth="712" frameHeight="145" />
	<SubTexture name="tally score0009" x="554" y="511" width="509" height="98" frameX="-106" frameY="-23" frameWidth="712" frameHeight="145" />
	<SubTexture name="tally score0010" x="554" y="403" width="529" height="103" frameX="-96" frameY="-21" frameWidth="712" frameHeight="145" />
	<SubTexture name="tally score0011" x="0" y="400" width="549" height="108" frameX="-86" frameY="-18" frameWidth="712" frameHeight="145" />
	<SubTexture name="tally score0012" x="0" y="281" width="571" height="114" frameX="-75" frameY="-15" frameWidth="712" frameHeight="145" />
	<SubTexture name="tally score0013" x="624" y="280" width="595" height="118" frameX="-63" frameY="-13" frameWidth="712" frameHeight="145" />
	<SubTexture name="tally score0014" x="0" y="150" width="619" height="126" frameX="-51" frameY="-9" frameWidth="712" frameHeight="145" />
	<SubTexture name="tally score0015" x="708" y="143" width="647" height="132" frameX="-37" frameY="-6" frameWidth="712" frameHeight="145" />
	<SubTexture name="tally score0016" x="708" y="0" width="673" height="138" frameX="-24" frameY="-3" frameWidth="712" frameHeight="145" />
	<SubTexture name="tally score0017" x="0" y="0" width="703" height="145" frameX="-9" frameY="0" frameWidth="712" frameHeight="145" />
	<SubTexture name="tally score0018" x="0" y="0" width="703" height="145" frameX="-9" frameY="0" frameWidth="712" frameHeight="145" />
	<SubTexture name="tally score0019" x="0" y="0" width="703" height="145" frameX="-9" frameY="0" frameWidth="712" frameHeight="145" />
	<SubTexture name="tally score0020" x="0" y="0" width="703" height="145" frameX="-9" frameY="0" frameWidth="712" frameHeight="145" />
	<SubTexture name="tally score0021" x="0" y="0" width="703" height="145" frameX="-9" frameY="0" frameWidth="712" frameHeight="145" />
	<SubTexture name="tally score0022" x="0" y="0" width="703" height="145" frameX="-9" frameY="0" frameWidth="712" frameHeight="145" />
	<SubTexture name="tally score0023" x="0" y="0" width="703" height="145" frameX="-9" frameY="0" frameWidth="712" frameHeight="145" />
	<SubTexture name="tally score0024" x="0" y="0" width="703" height="145" frameX="-9" frameY="0" frameWidth="712" frameHeight="145" />
	<SubTexture name="tally score0025" x="0" y="0" width="703" height="145" frameX="-9" frameY="0" frameWidth="712" frameHeight="145" />
	<SubTexture name="tally score0026" x="0" y="0" width="703" height="145" frameX="-9" frameY="0" frameWidth="712" frameHeight="145" />
	<SubTexture name="tally score0027" x="0" y="0" width="703" height="145" frameX="-9" frameY="0" frameWidth="712" frameHeight="145" />
	<SubTexture name="tally score0028" x="0" y="0" width="703" height="145" frameX="-9" frameY="0" frameWidth="712" frameHeight="145" />
	<SubTexture name="tally score0029" x="0" y="0" width="703" height="145" frameX="-9" frameY="0" frameWidth="712" frameHeight="145" />
</TextureAtlas>
