﻿<?xml version="1.0" encoding="utf-8"?>
<TextureAtlas imagePath="highscoreNew.png">
	<!-- Created with Adobe Animate version 22.0.5.191 -->
	<!-- http://www.adobe.com/products/animate.html -->
	<SubTexture name="highscoreAnim0000" x="0" y="0" width="592" height="29" frameX="0" frameY="-25" frameWidth="844" frameHeight="99"/>
	<SubTexture name="highscoreAnim0001" x="0" y="34" width="433" height="86" frameX="-382" frameY="-1" frameWidth="844" frameHeight="99"/>
	<SubTexture name="highscoreAnim0002" x="438" y="34" width="479" height="99" frameX="-365" frameY="0" frameWidth="844" frameHeight="99"/>
	<SubTexture name="highscoreAnim0003" x="0" y="138" width="472" height="99" frameX="-372" frameY="0" frameWidth="844" frameHeight="99"/>
	<SubTexture name="highscoreAnim0004" x="477" y="138" width="375" height="39" frameX="-372" frameY="-24" frameWidth="844" frameHeight="99"/>
	<SubTexture name="highscoreAnim0005" x="477" y="138" width="375" height="39" frameX="-372" frameY="-24" frameWidth="844" frameHeight="99"/>
	<SubTexture name="highscoreAnim0006" x="0" y="242" width="375" height="39" frameX="-372" frameY="-24" frameWidth="844" frameHeight="99"/>
	<SubTexture name="highscoreAnim0007" x="0" y="242" width="375" height="39" frameX="-372" frameY="-24" frameWidth="844" frameHeight="99"/>
	<SubTexture name="highscoreAnim0008" x="380" y="242" width="375" height="39" frameX="-372" frameY="-24" frameWidth="844" frameHeight="99"/>
	<SubTexture name="highscoreAnim0009" x="380" y="242" width="375" height="39" frameX="-372" frameY="-24" frameWidth="844" frameHeight="99"/>
	<SubTexture name="highscoreAnim0010" x="0" y="286" width="375" height="39" frameX="-372" frameY="-24" frameWidth="844" frameHeight="99"/>
	<SubTexture name="highscoreAnim0011" x="0" y="286" width="375" height="39" frameX="-372" frameY="-24" frameWidth="844" frameHeight="99"/>
	<SubTexture name="highscoreAnim0012" x="380" y="286" width="375" height="39" frameX="-372" frameY="-24" frameWidth="844" frameHeight="99"/>
	<SubTexture name="highscoreAnim0013" x="380" y="286" width="375" height="39" frameX="-372" frameY="-24" frameWidth="844" frameHeight="99"/>
	<SubTexture name="highscoreAnim0014" x="0" y="330" width="375" height="39" frameX="-372" frameY="-24" frameWidth="844" frameHeight="99"/>
	<SubTexture name="highscoreAnim0015" x="0" y="330" width="375" height="39" frameX="-372" frameY="-24" frameWidth="844" frameHeight="99"/>
	<SubTexture name="highscoreAnim0016" x="0" y="330" width="375" height="39" frameX="-372" frameY="-24" frameWidth="844" frameHeight="99"/>
	<SubTexture name="highscoreAnim0017" x="477" y="138" width="375" height="39" frameX="-372" frameY="-24" frameWidth="844" frameHeight="99"/>
	<SubTexture name="highscoreAnim0018" x="477" y="138" width="375" height="39" frameX="-372" frameY="-24" frameWidth="844" frameHeight="99"/>
	<SubTexture name="highscoreAnim0019" x="0" y="242" width="375" height="39" frameX="-372" frameY="-24" frameWidth="844" frameHeight="99"/>
	<SubTexture name="highscoreAnim0020" x="0" y="242" width="375" height="39" frameX="-372" frameY="-24" frameWidth="844" frameHeight="99"/>
	<SubTexture name="highscoreAnim0021" x="380" y="242" width="375" height="39" frameX="-372" frameY="-24" frameWidth="844" frameHeight="99"/>
	<SubTexture name="highscoreAnim0022" x="380" y="242" width="375" height="39" frameX="-372" frameY="-24" frameWidth="844" frameHeight="99"/>
	<SubTexture name="highscoreAnim0023" x="0" y="286" width="375" height="39" frameX="-372" frameY="-24" frameWidth="844" frameHeight="99"/>
	<SubTexture name="highscoreAnim0024" x="0" y="286" width="375" height="39" frameX="-372" frameY="-24" frameWidth="844" frameHeight="99"/>
	<SubTexture name="highscoreAnim0025" x="380" y="286" width="375" height="39" frameX="-372" frameY="-24" frameWidth="844" frameHeight="99"/>
	<SubTexture name="highscoreAnim0026" x="380" y="286" width="375" height="39" frameX="-372" frameY="-24" frameWidth="844" frameHeight="99"/>
	<SubTexture name="highscoreAnim0027" x="0" y="330" width="375" height="39" frameX="-372" frameY="-24" frameWidth="844" frameHeight="99"/>
	<SubTexture name="highscoreAnim0028" x="0" y="330" width="375" height="39" frameX="-372" frameY="-24" frameWidth="844" frameHeight="99"/>
</TextureAtlas>
