﻿<?xml version="1.0" encoding="utf-8"?>
<TextureAtlas imagePath="score-digital-numbers.png">
	<SubTexture name="ONE DIGITAL0001" x="4" y="4" width="79" height="123" frameX="-15" frameY="-1" frameWidth="95" frameHeight="125"/>
	<SubTexture name="ONE DIGITAL0002" x="4" y="4" width="79" height="123" frameX="-15" frameY="-1" frameWidth="95" frameHeight="125"/>
	<SubTexture name="ONE DIGITAL0003" x="87" y="4" width="67" height="99" frameX="-15" frameY="-13" frameWidth="95" frameHeight="125"/>
	<SubTexture name="ONE DIGITAL0004" x="87" y="4" width="67" height="99" frameX="-15" frameY="-13" frameWidth="95" frameHeight="125"/>
	<SubTexture name="ONE DIGITAL0005" x="158" y="4" width="64" height="93" frameX="-15" frameY="-16" frameWidth="95" frameHeight="125"/>
	<SubTexture name="TWO DIGITAL0001" x="226" y="4" width="94" height="125" frameX="0" frameY="0" frameWidth="95" frameHeight="125"/>
	<SubTexture name="TWO DIGITAL0002" x="226" y="4" width="94" height="125" frameX="0" frameY="0" frameWidth="95" frameHeight="125"/>
	<SubTexture name="TWO DIGITAL0003" x="324" y="4" width="70" height="101" frameX="-12" frameY="-12" frameWidth="95" frameHeight="125"/>
	<SubTexture name="TWO DIGITAL0004" x="324" y="4" width="70" height="101" frameX="-12" frameY="-12" frameWidth="95" frameHeight="125"/>
	<SubTexture name="TWO DIGITAL0005" x="398" y="4" width="64" height="95" frameX="-15" frameY="-15" frameWidth="95" frameHeight="125"/>
	<SubTexture name="THREE DIGITAL0001" x="466" y="4" width="95" height="125"/>
	<SubTexture name="THREE DIGITAL0002" x="466" y="4" width="95" height="125"/>
	<SubTexture name="THREE DIGITAL0003" x="565" y="4" width="71" height="101" frameX="-12" frameY="-12" frameWidth="95" frameHeight="125"/>
	<SubTexture name="THREE DIGITAL0004" x="565" y="4" width="71" height="101" frameX="-12" frameY="-12" frameWidth="95" frameHeight="125"/>
	<SubTexture name="THREE DIGITAL0005" x="640" y="4" width="65" height="95" frameX="-15" frameY="-15" frameWidth="95" frameHeight="125"/>
	<SubTexture name="FOUR DIGITAL0001" x="709" y="4" width="94" height="123" frameX="0" frameY="-1" frameWidth="95" frameHeight="125"/>
	<SubTexture name="FOUR DIGITAL0002" x="709" y="4" width="94" height="123" frameX="0" frameY="-1" frameWidth="95" frameHeight="125"/>
	<SubTexture name="FOUR DIGITAL0003" x="807" y="4" width="70" height="99" frameX="-12" frameY="-13" frameWidth="95" frameHeight="125"/>
	<SubTexture name="FOUR DIGITAL0004" x="807" y="4" width="70" height="99" frameX="-12" frameY="-13" frameWidth="95" frameHeight="125"/>
	<SubTexture name="FOUR DIGITAL0005" x="881" y="4" width="64" height="93" frameX="-15" frameY="-16" frameWidth="95" frameHeight="125"/>
	<SubTexture name="FIVE DIGITAL0001" x="4" y="133" width="94" height="125" frameX="0" frameY="0" frameWidth="95" frameHeight="125"/>
	<SubTexture name="FIVE DIGITAL0002" x="4" y="133" width="94" height="125" frameX="0" frameY="0" frameWidth="95" frameHeight="125"/>
	<SubTexture name="FIVE DIGITAL0003" x="102" y="133" width="70" height="101" frameX="-12" frameY="-12" frameWidth="95" frameHeight="125"/>
	<SubTexture name="FIVE DIGITAL0004" x="102" y="133" width="70" height="101" frameX="-12" frameY="-12" frameWidth="95" frameHeight="125"/>
	<SubTexture name="FIVE DIGITAL0005" x="176" y="133" width="64" height="95" frameX="-15" frameY="-15" frameWidth="95" frameHeight="125"/>
	<SubTexture name="SIX DIGITAL0001" x="244" y="133" width="94" height="125" frameX="0" frameY="0" frameWidth="95" frameHeight="125"/>
	<SubTexture name="SIX DIGITAL0002" x="244" y="133" width="94" height="125" frameX="0" frameY="0" frameWidth="95" frameHeight="125"/>
	<SubTexture name="SIX DIGITAL0003" x="342" y="133" width="70" height="101" frameX="-12" frameY="-12" frameWidth="95" frameHeight="125"/>
	<SubTexture name="SIX DIGITAL0004" x="342" y="133" width="70" height="101" frameX="-12" frameY="-12" frameWidth="95" frameHeight="125"/>
	<SubTexture name="SIX DIGITAL0005" x="416" y="133" width="64" height="95" frameX="-15" frameY="-15" frameWidth="95" frameHeight="125"/>
	<SubTexture name="SEVEN DIGITAL0001" x="484" y="133" width="94" height="124" frameX="0" frameY="0" frameWidth="95" frameHeight="125"/>
	<SubTexture name="SEVEN DIGITAL0002" x="484" y="133" width="94" height="124" frameX="0" frameY="0" frameWidth="95" frameHeight="125"/>
	<SubTexture name="SEVEN DIGITAL0003" x="582" y="133" width="70" height="100" frameX="-12" frameY="-12" frameWidth="95" frameHeight="125"/>
	<SubTexture name="SEVEN DIGITAL0004" x="582" y="133" width="70" height="100" frameX="-12" frameY="-12" frameWidth="95" frameHeight="125"/>
	<SubTexture name="SEVEN DIGITAL0005" x="656" y="133" width="64" height="94" frameX="-15" frameY="-15" frameWidth="95" frameHeight="125"/>
	<SubTexture name="EIGHT DIGITAL0001" x="724" y="133" width="94" height="125" frameX="0" frameY="0" frameWidth="95" frameHeight="125"/>
	<SubTexture name="EIGHT DIGITAL0002" x="724" y="133" width="94" height="125" frameX="0" frameY="0" frameWidth="95" frameHeight="125"/>
	<SubTexture name="EIGHT DIGITAL0003" x="822" y="133" width="70" height="101" frameX="-12" frameY="-12" frameWidth="95" frameHeight="125"/>
	<SubTexture name="EIGHT DIGITAL0004" x="822" y="133" width="70" height="101" frameX="-12" frameY="-12" frameWidth="95" frameHeight="125"/>
	<SubTexture name="EIGHT DIGITAL0005" x="896" y="133" width="64" height="95" frameX="-15" frameY="-15" frameWidth="95" frameHeight="125"/>
	<SubTexture name="NINE DIGITAL0001" x="4" y="262" width="94" height="124" frameX="0" frameY="-1" frameWidth="95" frameHeight="125"/>
	<SubTexture name="NINE DIGITAL0002" x="4" y="262" width="94" height="124" frameX="0" frameY="-1" frameWidth="95" frameHeight="125"/>
	<SubTexture name="NINE DIGITAL0003" x="102" y="262" width="70" height="100" frameX="-12" frameY="-13" frameWidth="95" frameHeight="125"/>
	<SubTexture name="NINE DIGITAL0004" x="102" y="262" width="70" height="100" frameX="-12" frameY="-13" frameWidth="95" frameHeight="125"/>
	<SubTexture name="NINE DIGITAL0005" x="176" y="262" width="64" height="94" frameX="-15" frameY="-16" frameWidth="95" frameHeight="125"/>
	<SubTexture name="ZERO DIGITAL0001" x="244" y="262" width="94" height="124" frameX="0" frameY="-1" frameWidth="95" frameHeight="125"/>
	<SubTexture name="ZERO DIGITAL0002" x="244" y="262" width="94" height="124" frameX="0" frameY="-1" frameWidth="95" frameHeight="125"/>
	<SubTexture name="ZERO DIGITAL0003" x="342" y="262" width="70" height="100" frameX="-12" frameY="-13" frameWidth="95" frameHeight="125"/>
	<SubTexture name="ZERO DIGITAL0004" x="342" y="262" width="70" height="100" frameX="-12" frameY="-13" frameWidth="95" frameHeight="125"/>
	<SubTexture name="ZERO DIGITAL0005" x="416" y="262" width="64" height="94" frameX="-15" frameY="-16" frameWidth="95" frameHeight="125"/>
	<SubTexture name="DISABLED0001" x="484" y="262" width="60" height="89" frameX="-15" frameY="-16" frameWidth="95" frameHeight="125"/>
</TextureAtlas>
