﻿{"ATLAS": {"SPRITES":[ 
{"SPRITE" : {"name": "0000","x":2805,"y":675,"w":434,"h":220,"rotated": false}},
{"SPRITE" : {"name": "0001","x":1511,"y":694,"w":521,"h":167,"rotated": false}},
{"SPRITE" : {"name": "0002","x":3363,"y":579,"w":576,"h":183,"rotated": false}},
{"SPRITE" : {"name": "0003","x":3363,"y":376,"w":598,"h":199,"rotated": false}},
{"SPRITE" : {"name": "0004","x":3243,"y":766,"w":539,"h":114,"rotated": false}},
{"SPRITE" : {"name": "0005","x":1663,"y":865,"w":323,"h":137,"rotated": false}},
{"SPRITE" : {"name": "0006","x":1229,"y":865,"w":430,"h":122,"rotated": false}},
{"SPRITE" : {"name": "0007","x":365,"y":712,"w":487,"h":146,"rotated": false}},
{"SPRITE" : {"name": "0008","x":3965,"y":249,"w":103,"h":227,"rotated": false}},
{"SPRITE" : {"name": "0009","x":2323,"y":900,"w":93,"h":79,"rotated": false}},
{"SPRITE" : {"name": "0010","x":856,"y":965,"w":86,"h":64,"rotated": false}},
{"SPRITE" : {"name": "0011","x":3782,"y":976,"w":103,"h":52,"rotated": false}},
{"SPRITE" : {"name": "0012","x":2196,"y":976,"w":100,"h":54,"rotated": false}},
{"SPRITE" : {"name": "0013","x":972,"y":901,"w":85,"h":75,"rotated": false}},
{"SPRITE" : {"name": "0014","x":2516,"y":900,"w":91,"h":79,"rotated": false}},
{"SPRITE" : {"name": "0015","x":2704,"y":900,"w":88,"h":75,"rotated": false}},
{"SPRITE" : {"name": "0016","x":3970,"y":936,"w":100,"h":57,"rotated": false}},
{"SPRITE" : {"name": "0017","x":2196,"y":912,"w":98,"h":60,"rotated": false}},
{"SPRITE" : {"name": "0018","x":3874,"y":249,"w":87,"h":82,"rotated": false}},
{"SPRITE" : {"name": "0019","x":4,"y":4,"w":357,"h":886,"rotated": false}},
{"SPRITE" : {"name": "0020","x":3965,"y":480,"w":73,"h":142,"rotated": false}},
{"SPRITE" : {"name": "0021","x":2420,"y":900,"w":92,"h":79,"rotated": false}},
{"SPRITE" : {"name": "0022","x":2196,"y":842,"w":123,"h":66,"rotated": false}},
{"SPRITE" : {"name": "0023","x":3155,"y":899,"w":62,"h":87,"rotated": false}},
{"SPRITE" : {"name": "0024","x":3786,"y":766,"w":180,"h":206,"rotated": false}},
{"SPRITE" : {"name": "0025","x":1511,"y":568,"w":116,"h":86,"rotated": false}},
{"SPRITE" : {"name": "0026","x":2036,"y":842,"w":156,"h":227,"rotated": false}},
{"SPRITE" : {"name": "0027","x":3874,"y":4,"w":159,"h":241,"rotated": false}},
{"SPRITE" : {"name": "0028","x":3970,"y":831,"w":90,"h":101,"rotated": false}},
{"SPRITE" : {"name": "0029","x":3943,"y":626,"w":95,"h":103,"rotated": false}},
{"SPRITE" : {"name": "0030","x":856,"y":712,"w":369,"h":185,"rotated": false}},
{"SPRITE" : {"name": "0031","x":3970,"y":733,"w":97,"h":94,"rotated": false}},
{"SPRITE" : {"name": "0032","x":3243,"y":675,"w":98,"h":81,"rotated": false}},
{"SPRITE" : {"name": "0033","x":1229,"y":712,"w":264,"h":137,"rotated": false}},
{"SPRITE" : {"name": "0034","x":1061,"y":969,"w":86,"h":64,"rotated": false}},
{"SPRITE" : {"name": "0035","x":856,"y":901,"w":112,"h":60,"rotated": false}},
{"SPRITE" : {"name": "0036","x":1061,"y":901,"w":94,"h":64,"rotated": false}},
{"SPRITE" : {"name": "0037","x":2611,"y":900,"w":89,"h":78,"rotated": false}},
{"SPRITE" : {"name": "0038","x":2704,"y":979,"w":86,"h":55,"rotated": false}},
{"SPRITE" : {"name": "0039","x":365,"y":862,"w":321,"h":176,"rotated": false}},
{"SPRITE" : {"name": "0040","x":365,"y":4,"w":441,"h":682,"rotated": false}},
{"SPRITE" : {"name": "0041","x":810,"y":355,"w":697,"h":353,"rotated": false}},
{"SPRITE" : {"name": "0042","x":2805,"y":376,"w":554,"h":295,"rotated": false}},
{"SPRITE" : {"name": "0043","x":2036,"y":694,"w":284,"h":144,"rotated": false}},
{"SPRITE" : {"name": "0044","x":2359,"y":376,"w":442,"h":520,"rotated": false}},
{"SPRITE" : {"name": "0045","x":3243,"y":884,"w":182,"h":134,"rotated": false}},
{"SPRITE" : {"name": "0046","x":3429,"y":884,"w":182,"h":134,"rotated": false}},
{"SPRITE" : {"name": "0047","x":4,"y":894,"w":182,"h":134,"rotated": false}},
{"SPRITE" : {"name": "0048","x":2805,"y":899,"w":182,"h":134,"rotated": false}},
{"SPRITE" : {"name": "0049","x":2991,"y":899,"w":160,"h":116,"rotated": false}},
{"SPRITE" : {"name": "0050","x":190,"y":894,"w":160,"h":122,"rotated": false}},
{"SPRITE" : {"name": "0051","x":3615,"y":884,"w":163,"h":121,"rotated": false}},
{"SPRITE" : {"name": "0052","x":690,"y":862,"w":162,"h":124,"rotated": false}},
{"SPRITE" : {"name": "0053","x":1511,"y":355,"w":106,"h":103,"rotated": false}},
{"SPRITE" : {"name": "0054","x":1511,"y":462,"w":106,"h":102,"rotated": false}},
{"SPRITE" : {"name": "0055","x":2486,"y":4,"w":692,"h":368,"rotated": false}},
{"SPRITE" : {"name": "0056","x":1660,"y":331,"w":695,"h":359,"rotated": false}},
{"SPRITE" : {"name": "0057","x":3182,"y":4,"w":688,"h":368,"rotated": false}},
{"SPRITE" : {"name": "0058","x":810,"y":4,"w":846,"h":347,"rotated": false}},
{"SPRITE" : {"name": "0059","x":1660,"y":4,"w":822,"h":323,"rotated": false}}
]},
"meta": {
"app": "Adobe Animate",
"version": "23.0.1.70",
"image": "spritemap1.png",
"format": "RGBA8888",
"size": {"w":4074,"h":1073},
"resolution": "1"
}
}
