﻿{"ATLAS": {"SPRITES":[ 
{"SPRITE" : {"name": "0000","x":883,"y":1905,"w":187,"h":128,"rotated": false}},
{"SPRITE" : {"name": "0001","x":2094,"y":1926,"w":187,"h":128,"rotated": false}},
{"SPRITE" : {"name": "0002","x":2472,"y":1766,"w":199,"h":161,"rotated": false}},
{"SPRITE" : {"name": "0003","x":2268,"y":1757,"w":199,"h":164,"rotated": false}},
{"SPRITE" : {"name": "0004","x":1547,"y":1846,"w":189,"h":137,"rotated": false}},
{"SPRITE" : {"name": "0005","x":1257,"y":1869,"w":189,"h":132,"rotated": false}},
{"SPRITE" : {"name": "0006","x":3198,"y":1903,"w":188,"h":128,"rotated": false}},
{"SPRITE" : {"name": "0007","x":0,"y":1892,"w":189,"h":128,"rotated": false}},
{"SPRITE" : {"name": "0008","x":2466,"y":1030,"w":298,"h":198,"rotated": false}},
{"SPRITE" : {"name": "0009","x":3677,"y":516,"w":389,"h":381,"rotated": false}},
{"SPRITE" : {"name": "0010","x":2715,"y":437,"w":514,"h":332,"rotated": false}},
{"SPRITE" : {"name": "0011","x":362,"y":1817,"w":168,"h":170,"rotated": false}},
{"SPRITE" : {"name": "0012","x":3131,"y":860,"w":347,"h":232,"rotated": false}},
{"SPRITE" : {"name": "0013","x":1709,"y":0,"w":560,"h":483,"rotated": false}},
{"SPRITE" : {"name": "0014","x":1162,"y":0,"w":542,"h":638,"rotated": false}},
{"SPRITE" : {"name": "0015","x":2572,"y":1234,"w":274,"h":181,"rotated": false}},
{"SPRITE" : {"name": "0016","x":2851,"y":1302,"w":292,"h":169,"rotated": false}},
{"SPRITE" : {"name": "0017","x":1974,"y":831,"w":167,"h":191,"rotated": false}},
{"SPRITE" : {"name": "0018","x":470,"y":1369,"w":48,"h":111,"rotated": false}},
{"SPRITE" : {"name": "0019","x":574,"y":0,"w":583,"h":602,"rotated": false}},
{"SPRITE" : {"name": "0020","x":3058,"y":1097,"w":274,"h":200,"rotated": false}},
{"SPRITE" : {"name": "0021","x":0,"y":908,"w":459,"h":170,"rotated": false}},
{"SPRITE" : {"name": "0022","x":727,"y":1648,"w":180,"h":205,"rotated": false}},
{"SPRITE" : {"name": "0023","x":464,"y":931,"w":357,"h":208,"rotated": false}},
{"SPRITE" : {"name": "0024","x":3795,"y":0,"w":251,"h":360,"rotated": false}},
{"SPRITE" : {"name": "0025","x":1887,"y":1836,"w":202,"h":136,"rotated": false}},
{"SPRITE" : {"name": "0026","x":1304,"y":643,"w":350,"h":290,"rotated": false}},
{"SPRITE" : {"name": "0027","x":2466,"y":820,"w":234,"h":204,"rotated": false}},
{"SPRITE" : {"name": "0028","x":175,"y":1369,"w":290,"h":156,"rotated": false}},
{"SPRITE" : {"name": "0029","x":0,"y":1083,"w":271,"h":204,"rotated": false}},
{"SPRITE" : {"name": "0030","x":3944,"y":1789,"w":147,"h":166,"rotated": false}},
{"SPRITE" : {"name": "0031","x":826,"y":952,"w":353,"h":205,"rotated": false}},
{"SPRITE" : {"name": "0032","x":2155,"y":655,"w":113,"h":134,"rotated": false}},
{"SPRITE" : {"name": "0033","x":1479,"y":1172,"w":118,"h":147,"rotated": false}},
{"SPRITE" : {"name": "0034","x":405,"y":624,"w":159,"h":160,"rotated": false}},
{"SPRITE" : {"name": "0035","x":0,"y":0,"w":569,"h":619,"rotated": false}},
{"SPRITE" : {"name": "0036","x":1451,"y":1869,"w":87,"h":143,"rotated": false}},
{"SPRITE" : {"name": "0037","x":1974,"y":1027,"w":103,"h":78,"rotated": false}},
{"SPRITE" : {"name": "0038","x":2274,"y":0,"w":600,"h":409,"rotated": false}},
{"SPRITE" : {"name": "0039","x":1075,"y":1905,"w":93,"h":97,"rotated": false}},
{"SPRITE" : {"name": "0040","x":1173,"y":1905,"w":67,"h":90,"rotated": false}},
{"SPRITE" : {"name": "0041","x":1629,"y":1120,"w":254,"h":214,"rotated": false}},
{"SPRITE" : {"name": "0042","x":194,"y":1892,"w":101,"h":123,"rotated": false}},
{"SPRITE" : {"name": "0043","x":2764,"y":1603,"w":210,"h":190,"rotated": false}},
{"SPRITE" : {"name": "0044","x":1741,"y":1846,"w":102,"h":124,"rotated": false}},
{"SPRITE" : {"name": "0045","x":1659,"y":831,"w":310,"h":284,"rotated": false}},
{"SPRITE" : {"name": "0046","x":1365,"y":1667,"w":177,"h":197,"rotated": false}},
{"SPRITE" : {"name": "0047","x":2155,"y":488,"w":107,"h":162,"rotated": false}},
{"SPRITE" : {"name": "0048","x":1888,"y":1120,"w":67,"h":124,"rotated": false}},
{"SPRITE" : {"name": "0049","x":2879,"y":0,"w":529,"h":432,"rotated": false}},
{"SPRITE" : {"name": "0050","x":3718,"y":1789,"w":221,"h":143,"rotated": false}},
{"SPRITE" : {"name": "0051","x":3413,"y":0,"w":377,"h":511,"rotated": false}},
{"SPRITE" : {"name": "0052","x":1304,"y":938,"w":320,"h":229,"rotated": false}},
{"SPRITE" : {"name": "0053","x":3602,"y":1794,"w":97,"h":99,"rotated": false}},
{"SPRITE" : {"name": "0054","x":2155,"y":820,"w":306,"h":290,"rotated": false}},
{"SPRITE" : {"name": "0055","x":2274,"y":414,"w":436,"h":401,"rotated": false}},
{"SPRITE" : {"name": "0056","x":3949,"y":1310,"w":120,"h":132,"rotated": false}},
{"SPRITE" : {"name": "0057","x":0,"y":624,"w":400,"h":279,"rotated": false}},
{"SPRITE" : {"name": "0058","x":0,"y":1292,"w":170,"h":284,"rotated": false}},
{"SPRITE" : {"name": "0059","x":2264,"y":1115,"w":173,"h":92,"rotated": false}},
{"SPRITE" : {"name": "0060","x":943,"y":643,"w":356,"h":304,"rotated": false}},
{"SPRITE" : {"name": "0061","x":3637,"y":1188,"w":119,"h":109,"rotated": false}},
{"SPRITE" : {"name": "0062","x":3337,"y":1097,"w":80,"h":86,"rotated": false}},
{"SPRITE" : {"name": "0063","x":2313,"y":1575,"w":226,"h":177,"rotated": false}},
{"SPRITE" : {"name": "0064","x":2544,"y":1575,"w":215,"h":186,"rotated": false}},
{"SPRITE" : {"name": "0065","x":276,"y":1144,"w":246,"h":220,"rotated": false}},
{"SPRITE" : {"name": "0066","x":1117,"y":1517,"w":243,"h":170,"rotated": false}},
{"SPRITE" : {"name": "0067","x":1117,"y":1517,"w":243,"h":170,"rotated": false}},
{"SPRITE" : {"name": "0068","x":2715,"y":774,"w":411,"h":251,"rotated": false}},
{"SPRITE" : {"name": "0069","x":574,"y":607,"w":364,"h":319,"rotated": false}},
{"SPRITE" : {"name": "0070","x":1389,"y":1339,"w":309,"h":149,"rotated": false}},
{"SPRITE" : {"name": "0071","x":3637,"y":1310,"w":307,"h":160,"rotated": false}},
{"SPRITE" : {"name": "0072","x":527,"y":1162,"w":307,"h":176,"rotated": false}},
{"SPRITE" : {"name": "0073","x":2769,"y":1030,"w":284,"h":199,"rotated": false}},
{"SPRITE" : {"name": "0074","x":3773,"y":1108,"w":278,"h":197,"rotated": false}},
{"SPRITE" : {"name": "0075","x":839,"y":1162,"w":283,"h":190,"rotated": false}},
{"SPRITE" : {"name": "0076","x":3469,"y":1475,"w":272,"h":160,"rotated": false}},
{"SPRITE" : {"name": "0077","x":2008,"y":1564,"w":300,"h":135,"rotated": false}},
{"SPRITE" : {"name": "0078","x":2979,"y":1650,"w":308,"h":119,"rotated": false}},
{"SPRITE" : {"name": "0079","x":3483,"y":902,"w":285,"h":281,"rotated": false}},
{"SPRITE" : {"name": "0080","x":1389,"y":1493,"w":255,"h":169,"rotated": false}},
{"SPRITE" : {"name": "0081","x":912,"y":1692,"w":304,"h":116,"rotated": false}},
{"SPRITE" : {"name": "0082","x":3391,"y":1903,"w":308,"h":78,"rotated": false}},
{"SPRITE" : {"name": "0083","x":362,"y":1700,"w":307,"h":112,"rotated": false}},
{"SPRITE" : {"name": "0084","x":1547,"y":1742,"w":335,"h":99,"rotated": false}},
{"SPRITE" : {"name": "0085","x":912,"y":1813,"w":340,"h":87,"rotated": false}},
{"SPRITE" : {"name": "0086","x":2860,"y":1878,"w":333,"h":73,"rotated": false}},
{"SPRITE" : {"name": "0087","x":2979,"y":1774,"w":321,"h":99,"rotated": false}},
{"SPRITE" : {"name": "0088","x":1703,"y":1475,"w":300,"h":146,"rotated": false}},
{"SPRITE" : {"name": "0089","x":1888,"y":1312,"w":308,"h":158,"rotated": false}},
{"SPRITE" : {"name": "0090","x":727,"y":1534,"w":385,"h":109,"rotated": false}},
{"SPRITE" : {"name": "0091","x":535,"y":1858,"w":343,"h":74,"rotated": false}},
{"SPRITE" : {"name": "0092","x":1996,"y":1704,"w":267,"h":127,"rotated": false}},
{"SPRITE" : {"name": "0093","x":3795,"y":365,"w":257,"h":135,"rotated": false}},
{"SPRITE" : {"name": "0094","x":3464,"y":1640,"w":249,"h":149,"rotated": false}},
{"SPRITE" : {"name": "0095","x":2201,"y":1402,"w":283,"h":157,"rotated": false}},
{"SPRITE" : {"name": "0096","x":1974,"y":1115,"w":285,"h":192,"rotated": false}},
{"SPRITE" : {"name": "0097","x":3746,"y":1475,"w":317,"h":136,"rotated": false}},
{"SPRITE" : {"name": "0098","x":1649,"y":1626,"w":342,"h":111,"rotated": false}},
{"SPRITE" : {"name": "0099","x":0,"y":1802,"w":357,"h":85,"rotated": false}},
{"SPRITE" : {"name": "0100","x":0,"y":1700,"w":357,"h":97,"rotated": false}},
{"SPRITE" : {"name": "0101","x":2787,"y":1476,"w":355,"h":122,"rotated": false}},
{"SPRITE" : {"name": "0102","x":1127,"y":1172,"w":347,"h":150,"rotated": false}},
{"SPRITE" : {"name": "0103","x":527,"y":1357,"w":309,"h":148,"rotated": false}},
{"SPRITE" : {"name": "0104","x":3148,"y":1362,"w":316,"h":144,"rotated": false}},
{"SPRITE" : {"name": "0105","x":3147,"y":1511,"w":312,"h":134,"rotated": false}},
{"SPRITE" : {"name": "0106","x":3305,"y":1794,"w":292,"h":104,"rotated": false}},
{"SPRITE" : {"name": "0107","x":3234,"y":437,"w":88,"h":68,"rotated": false}},
{"SPRITE" : {"name": "0108","x":3773,"y":902,"w":302,"h":201,"rotated": false}},
{"SPRITE" : {"name": "0109","x":3337,"y":1188,"w":295,"h":169,"rotated": false}},
{"SPRITE" : {"name": "0110","x":3746,"y":1616,"w":227,"h":168,"rotated": false}},
{"SPRITE" : {"name": "0111","x":2676,"y":1798,"w":179,"h":168,"rotated": false}},
{"SPRITE" : {"name": "0112","x":1703,"y":1339,"w":163,"h":127,"rotated": false}},
{"SPRITE" : {"name": "0113","x":3305,"y":1650,"w":148,"h":121,"rotated": false}},
{"SPRITE" : {"name": "0114","x":405,"y":789,"w":142,"h":113,"rotated": false}},
{"SPRITE" : {"name": "0115","x":1221,"y":1692,"w":133,"h":97,"rotated": false}},
{"SPRITE" : {"name": "0116","x":0,"y":1581,"w":135,"h":99,"rotated": false}},
{"SPRITE" : {"name": "0117","x":3469,"y":1362,"w":135,"h":105,"rotated": false}},
{"SPRITE" : {"name": "0118","x":3978,"y":1616,"w":98,"h":134,"rotated": false}},
{"SPRITE" : {"name": "0119","x":1184,"y":952,"w":91,"h":152,"rotated": false}},
{"SPRITE" : {"name": "0120","x":1709,"y":488,"w":441,"h":338,"rotated": false}},
{"SPRITE" : {"name": "0121","x":3234,"y":516,"w":438,"h":339,"rotated": false}},
{"SPRITE" : {"name": "0122","x":2264,"y":1233,"w":303,"h":164,"rotated": false}},
{"SPRITE" : {"name": "0123","x":2489,"y":1420,"w":293,"h":150,"rotated": false}},
{"SPRITE" : {"name": "0124","x":1127,"y":1327,"w":257,"h":185,"rotated": false}},
{"SPRITE" : {"name": "0125","x":841,"y":1357,"w":260,"h":172,"rotated": false}},
{"SPRITE" : {"name": "0126","x":470,"y":1510,"w":252,"h":167,"rotated": false}},
{"SPRITE" : {"name": "0127","x":175,"y":1530,"w":250,"h":165,"rotated": false}}
]},
"meta": {
"app": "Adobe Animate",
"version": "22.0.5.191",
"image": "spritemap1.png",
"format": "RGBA8888",
"size": {"w":4091,"h":2054},
"resolution": "1"
}
}
